FENGYUNCDEB##1999-05-10,3473
COSMOSDEB##1982-09-16,1761
COSMOSDEB##1993-06-16,1713
CZ-AR/B##2022-11-11,780
PEGASUSDEB##1994-05-19,736
IRIDIUMDEB##1997-09-14,656
COSMOSDEB##2006-06-25,506
COSMOSDEB##1981-06-04,474
NOAADEB##2000-09-21,458
ARIANEDEB##1986-02-22,423
THORADAGENADDEB##1970-04-08,415
PSLVDEB##2001-10-22,364
FREGATDEB(TANK)##2011-07-18,345
CZ-BR/B##1999-10-14,343
DELTADEB##1975-06-12,294
SL-R/B##1992-12-25,284
TITANCTRANSTAGEDEB##1965-10-15,268
THORABLESTARDEB##1961-06-29,266
DMSPD-F(USA)##1995-03-24,242
DELTADEB##1978-03-05,231
THORADAGENADDEB##1969-09-30,222
DELTADEB##1972-07-23,219
DELTADEB##1973-11-06,212
DELTADEB##1975-01-22,203
ATLASCENTAURDEB##2018-10-17,201
SOLWINDDEB##1979-02-24,184
THORADDELTADEB##1974-11-15,181
DELTADEB##1976-07-29,181
RESURSODEB##1994-11-04,180
MIRDEB##1986-02-19,169
USADEB##2006-12-14,168
DELTADEB##1977-07-14,161
OPSDEB##1965-04-03,159
COSMOSDEB##1983-05-07,158
COSMOSDEB##1987-02-20,131
H-ADEB##2018-10-29,131
ISSDEB##1998-11-20,126
BREEZE-MR/B##2008-03-14,123
SL-R/B()##1989-05-31,121
MICROSAT-R##2019-01-24,120
BREEZE-MR/B##2012-08-06,117
NOAADEB##2002-06-24,115
SL-R/B##1991-02-12,112
SL-R/B##1991-08-15,112
ATLASCENTAURDEB##2014-09-17,108
BREEZE-MR/B##2006-02-28,107
CZ-R/B##1990-09-03,106
SL-R/B##1993-03-26,106
SL-R/B##1987-08-18,105
TITANCTRANSTAGEDEB##1965-12-21,99
WESTFORDNEEDLES##1963-05-09,97
COSMOSDEB##1987-01-15,93
COSMOSDEB##1971-02-25,91
METEOR-##1979-10-31,91
DMSPD-F(USA)##1991-11-28,89
BREEZE-MR/B##2009-08-11,89
FLOCKP##2017-02-15,88
COSMOSDEB##1968-11-01,87
CBERSDEB##1999-10-14,87
ARIANEDEB##1989-01-27,86
SL-R/B()##1988-09-16,82
COBEDEB##1989-11-18,78
NIMBUSDEB##1966-05-15,68
COSMOSDEB##1976-12-27,66
COSMOSDEB##1968-10-20,64
COSMOSDEB##1977-12-21,64
SALYUTDEB##1982-04-19,64
DELTADEB##2006-11-04,64
SCOUTG-DEB##1987-09-16,63
COSMOSDEB##1976-07-08,62
CZ-CR/B##2010-10-31,62
COSMOSDEB##1980-11-04,61
COSMOSDEB##1982-06-06,61
SL-PLAT##1993-03-25,60
STARLINK-##2019-05-24,60
STARLINK-##2019-11-11,60
STARLINK-##2020-01-07,60
STARLINK-##2020-01-29,60
STARLINK-##2020-02-17,60
STARLINK-##2020-03-18,60
STARLINK-##2020-04-22,60
STARLINK-##2020-06-04,60
STARLINK-##2020-09-03,60
STARLINK-##2020-10-06,60
STARLINK-##2020-10-18,60
STARLINK-##2020-10-24,60
STARLINK-##2020-11-25,60
STARLINK-##2021-01-20,60
STARLINK-##2021-02-04,60
STARLINK-##2021-02-16,60
STARLINK-##2021-03-04,60
STARLINK-##2021-03-11,60
STARLINK-##2021-03-14,60
STARLINK-##2021-03-24,60
STARLINK-##2021-04-07,60
STARLINK-##2021-04-29,60
STARLINK-##2021-05-04,60
STARLINK-##2021-05-09,60
STARLINK-##2021-05-26,60
STARLINK-##2020-06-13,58
STARLINK-##2020-08-18,58
STARLINK-##2020-08-07,57
COSMOSDEB##2014-05-23,57
FENGYUNCDEB*##1999-05-10,56
STARLINK-##2023-01-26,56
STARLINK-##2023-03-24,56
STARLINK-##2023-03-29,56
STARLINK-##2023-05-04,56
STARLINK-##2023-05-14,56
STARLINK-##2023-02-12,55
STARLINK-##2022-08-28,54
STARLINK-##2022-09-19,54
STARLINK-##2022-10-20,54
STARLINK-##2022-12-17,54
STARLINK-##2022-12-28,54
METEOR-##1982-03-25,53
COSMOSCOOLANT##1987-02-01,53
STARLINK-##2021-11-13,53
STARLINK-##2022-03-19,53
STARLINK-##2022-04-21,53
STARLINK-##2022-04-29,53
STARLINK-##2022-05-06,53
STARLINK-##2022-05-13,53
STARLINK-##2022-05-14,53
STARLINK-##2022-05-18,53
STARLINK-##2022-06-17,53
STARLINK-##2022-07-07,53
STARLINK-##2022-07-17,53
STARLINK-##2022-07-24,53
STARLINK-##2022-08-19,53
STARLINK-##2022-10-28,53
STARLINK-##2023-02-02,53
SL-R/B()##2002-07-25,52
STARLINK-##2021-05-15,52
STARLINK-##2021-12-18,52
STARLINK-##2022-08-10,52
STARLINK-##2022-09-24,52
STARLINK-##2022-10-05,52
STARLINK-##2023-03-17,52
STARLINK-##2021-09-14,51
STARLINK-##2022-09-05,51
STARLINK-##2023-01-19,51
STARLINK-##2023-02-17,51
STARLINK-##2023-03-03,51
STARLINK-##2023-05-10,51
SL-R/B##1985-11-22,50
METEOR-##1988-01-30,50
STARLINK-##2022-02-25,50
STARLINK-##2022-01-06,49
STARLINK-##2022-01-19,49
STARLINK-##2023-01-31,49
FLOCKS##2021-01-24,48
STARLINK-##2021-12-02,48
STARLINK-##2022-03-09,48
COSMOSDEB##1970-10-23,47
FLOCKK##2017-07-14,47
STARLINK-##2022-03-03,47
COSMOSDEB##1981-03-20,46
STARLINK-##2022-02-21,46
STARLINK-##2022-07-11,46
STARLINK-##2022-07-22,46
STARLINK-##2022-08-12,46
STARLINK-##2022-08-31,46
STARLINK-##2023-04-27,46
COSMOSDEB##1983-07-24,44
CZ-CR/B##2012-02-24,44
FLOCKX##2022-01-13,44
SL-DEB##1965-03-15,42
SL-R/B##1978-10-26,42
COSMOSCOOLANT##1987-07-10,42
COSMOSDEB##1970-10-30,41
SL-R/B()##2010-09-02,41
SL-R/B##1991-09-28,40
CZ-AR/B##2007-02-02,40
CZ-BR/B##2011-12-19,40
ONEWEB-##2022-12-08,40
ONEWEB-##2023-01-10,40
ONEWEB-##2023-03-09,40
SL-R/B##1989-12-27,39
SL-R/B()##1992-07-30,39
SL-R/B()##2010-03-01,38
YUNHAI-##2019-09-25,38
COSMOSDEB##1980-04-18,37
ONEWEB-##2020-12-18,36
SPACEBEE-##2021-01-24,36
ONEWEB-##2021-03-25,36
ONEWEB-##2021-04-25,36
ONEWEB-##2021-05-28,36
ONEWEB-##2021-07-01,36
ONEWEB-##2021-10-14,36
ONEWEB-##2021-12-27,36
ONEWEB-##2022-10-22,36
FLOCKY##2023-01-03,36
ONEWEB-##2023-03-26,36
H-ADEB##2012-05-17,34
FLOCKB##1998-11-20,34
ONEWEB-##2020-02-06,34
ONEWEB-##2020-03-21,34
ONEWEB-##2021-08-21,34
ONEWEB-##2021-09-14,34
ONEWEB-##2022-02-10,34
STARLINK-##2022-09-11,34
SL-R/B(AUXMOTOR)##1991-04-04,33
USAR/BDEB##1989-08-08,33
ARIANEDEB##1979-12-24,32
CZ-BR/B##2010-09-04,32
PAGEOSDEB##1966-06-24,31
COSMOSCOOLANT##1984-06-29,31
COSMOSDEB*##1968-11-01,30
COSMOSDEB*##1970-10-23,29
MINOTAURDEB##2020-07-15,29
ARIANEP+DEB##1992-10-28,28
SL-R/B()##2007-10-26,28
FLOCK-##1998-11-20,28
SL-R/B##1994-12-26,27
TITANCTRANSTAGEDEB##1968-09-26,27
SCOUTBDEB##1965-08-10,27
OPSDEB##1966-08-19,26
FLOCKE##1998-11-20,26
FLOCKV##2020-09-03,26
COSMOSDEB##2013-12-25,25
COSMOSDEB##1981-08-04,24
SATCOMDEB##1979-12-07,24
CZ-CR/B##2008-09-06,24
COSMOSDEB##2019-07-10,24
SPACEBEE-##2021-06-30,24
CRRESDEB(CANISTER)##1990-07-25,23
COSMOSDEB*##1968-10-20,22
COSMOSDEB##1985-06-19,22
COSMOSDEB##1986-09-03,22
H-AR/B##2006-01-24,22
STARLINK-##2023-05-19,22
METEOR-##1971-12-29,21
SALYUTDEB##1977-09-29,21
METEOR-##1981-05-14,21
METEOR-##1984-07-05,21
SL-DEB##1985-12-24,21
STARLINK-##2023-02-27,21
STARLINK-##2023-04-19,21
COSMOSDEB##1977-05-30,20
METEOR-##1980-09-09,20
SL-R/B()##2008-12-25,20
FLOCKEP##1998-11-20,20
FLOCKA##2019-04-01,20
DELTADEB##1968-12-15,19
COSMOSDEB##1985-10-09,19
COSMOSDEB##1984-08-07,19
ELEKTRONDEB##1964-01-30,18
COSMOSDEB##1979-06-27,18
SL-DEB##1989-01-10,18
ARIANEL+DEB(SPELDA)##1992-04-15,18
ARIANELPDEB##1988-12-11,18
TITANCTRANSTAGEDEB##1969-02-09,18
SPACEBEE-##2020-11-20,18
SEASATDEB##1978-06-27,17
COSMOSDEB##2006-09-14,17
DELTADEB##1968-07-04,16
COSMOSDEB##1974-12-24,16
COSMOSCOOLANT##1981-03-05,16
SL-PLAT##2008-09-25,16
WORLDVIEWDEB##2009-10-08,16
FLOCKR##2018-11-29,16
SPACEBEE-##2022-03-15,16
SPACEBEE-##2022-05-02,16
ONEWEB-##2023-05-20,16
COSMOSDEB##1976-12-09,15
COSMOSDEB##1964-08-22,15
COSMOSDEB##1984-09-27,15
SCOUTG-R/B##1988-08-25,15
ARIANELDEB(SPELDA)##1991-01-15,15
COSMOSDEB##1977-06-16,15
SL-R/B()##2006-12-25,15
COSMOSDEB##1976-04-28,14
COSMOSDEB##1983-08-31,14
COSMOSDEB##1985-09-19,14
SL-R/B##1996-09-04,14
FALCONDEB##2013-09-29,14
ORBCOMMFMDEB##1997-12-23,14
ATLASCENTAURDEB##1963-11-27,13
DELTADEB*##1972-07-23,13
SL-R/B##1981-12-17,13
SL-R/B()##1982-12-08,13
ARIANEDEB##1985-07-02,13
SCOUTG-R/B##1988-04-26,13
COSMOSDEB##1999-12-26,13
ARIANELDEB##1991-10-29,13
OPS(TRANSITE-)##1964-12-13,12
DELTADEB##1968-01-11,12
COSMOSDEB*##1971-02-25,12
COSMOSDEB##1978-09-06,12
OPS(DMSPD-F)##1982-12-21,12
SL-R/B##1984-09-28,12
DMSPD-F(USA)##1990-12-01,12
ARIANELPDEB(SPELDA)##1991-03-02,12
TITANDTRANSTAGEDEB##1988-09-02,12
SL-R/B##1993-09-16,12
COSMOSDEB##1995-03-02,12
SL-R/B##1995-10-31,12
SL-R/B(AUXMOTOR)##2009-12-14,12
ASTROHDEB##2016-02-17,12
FLOCKP##2016-06-22,12
CZ-BR/B##2018-10-24,12
FLOCKK##2018-12-27,12
FLOCKP##2019-11-27,12
SPACEBEE-##2020-09-03,12
SPACEBEE-##2021-02-28,12
STARLINK-##2022-02-03,12
SPACEBEE-##2022-04-01,12
SPACEBEE-##2023-01-03,12
MIDASDEB##1961-10-21,11
TRANSITB-##1963-09-28,11
DMSPD-F(USA)##1988-02-03,11
ARIANEDEB##1988-09-08,11
SL-DEB##1989-09-28,11
SL-R/B##1994-11-24,11
SL-PLAT##1997-11-12,11
IRIDIUMDEB##1997-12-20,11
ARIANELPDEB##1989-08-08,11
IUSDEB##1999-07-23,11
CZ-BR/B##2004-09-08,11
CZ-DR/B##2005-07-05,11
CZ-BR/B##2008-10-25,11
H-AR/B##2009-01-23,11
BREEZE-MDEB(TANK)##2012-05-17,11
FLOCKC##2014-06-19,11
ORBCOMMFM##2015-12-22,11
ORBCOMMFMDEB##1998-08-02,11
SCOUTBDEB##1968-08-08,10
SL-R/B##1970-12-02,10
SL-R/B##1975-11-21,10
COSMOSDEB##1975-10-29,10
COSMOSDEB##1980-06-06,10
COSMOSDEB##1980-07-02,10
COSMOSDEB##1981-03-31,10
COSMOSDEB##1983-04-19,10
COSMOSDEB##1981-10-31,10
COSMOSDEB(ANTENNA##1986-03-21,10
SL-R/B##1986-12-18,10
COSMOSDEB##1994-08-26,10
COSMOSDEB##1995-06-08,10
DMSPD-F(USA)##2003-10-18,10
H-AR/B##2006-09-11,10
IRIDIUM##2017-01-14,10
IRIDIUM##2017-06-25,10
IRIDIUM##2017-10-09,10
IRIDIUM##2017-12-23,10
IRIDIUM##2018-03-30,10
IRIDIUM##2018-07-25,10
IRIDIUM##2019-01-11,10
NUSAT-DOROTHY##2020-11-06,10
STARLINK-##2021-01-24,10
CZ-BR/B##2022-08-04,10
DIAMANTDEB##1967-02-15,9
SL-R/B##1969-03-26,9
SL-R/B()##1976-12-02,9
COSMOSDEB##1976-07-02,9
COSMOS##1977-08-24,9
COSMOS##1978-01-10,9
SL-DEB##1981-09-11,9
NOAADEB##1983-03-28,9
SL-R/B()##1983-12-29,9
COSMOSDEB##1983-09-30,9
SL-R/B##1985-05-30,9
COSMOS##1986-06-06,9
ARIANEDEB##1988-10-28,9
SCOUTG-R/B##1990-05-09,9
COSMOSDEB##1980-10-24,9
SL-R/B##2001-12-10,9
FUSEDEB##1999-06-24,9
CHUANGXIN(CZ-)##2003-10-21,9
COSMOSDEB##2003-08-12,9
CZ-CR/B##2004-04-18,9
M-R/B##2006-09-22,9
COSMOSDEB##1982-04-07,9
CZ-DR/B##2008-11-05,9
CZ-R/B##2019-06-05,9
ARIANEPDEB##1992-08-10,9
JILIN-GAOFENB##2020-09-15,9
FLOCKEP##2020-10-28,9
GEESAT##2022-06-02,9
SZ-##2022-06-05,9
SCOUTX-R/B##1964-11-21,8
OPS(TRANSITB-)##1965-06-24,8
THORABLESTARDEB##1965-08-13,8
DIAMANTDEB##1966-02-17,8
OV-##1966-03-30,8
OPS(GGTS)##1966-06-16,8
OPS(IDSCS)##1967-01-18,8
OPS(IDSCS)##1968-06-13,8
COSMOS##1970-04-25,8
COSMOS##1971-05-07,8
COSMOS##1971-10-13,8
COSMOS##1972-07-20,8
COSMOS##1972-11-01,8
COSMOS##1973-06-08,8
COSMOS##1973-10-02,8
COSMOS##1973-12-19,8
COSMOS##1974-04-23,8
COSMOS##1974-09-19,8
COSMOS##1975-02-28,8
COSMOS##1975-05-28,8
COSMOS##1975-09-17,8
COSMOS##1976-01-28,8
COSMOS##1976-06-15,8
COSMOS##1976-12-07,8
TANSEIDEB##1977-02-19,8
COSMOSDEB##1976-10-22,8
COSMOS##1978-06-07,8
COSMOS##1978-10-04,8
COSMOS##1978-12-05,8
COSMOS##1979-03-15,8
COSMOS##1979-09-25,8
COSMOS##1980-02-11,8
COSMOS##1980-07-09,8
COSMOS##1980-12-23,8
COSMOS##1981-03-06,8
NOAADEB##1981-06-23,8
COSMOS##1981-08-06,8
COSMOS##1981-11-28,8
COSMOS##1982-05-06,8
COSMOS##1982-07-21,8
COSMOS##1983-01-19,8
COSMOS##1983-07-06,8
COSMOSDEB##1983-07-08,8
OPS(DMSPD-F)##1983-11-18,8
COSMOS##1984-01-05,8
COSMOS##1984-05-28,8
COSMOS##1985-03-21,8
COSMOS##1986-01-09,8
CZ-R/B##1986-02-01,8
NOAADEB##1986-09-17,8
COSMOS##1986-11-21,8
COSMOS##1987-06-16,8
DMSPD-F(USA)##1987-06-20,8
COSMOSDEB##1987-12-26,8
COSMOS##1988-03-11,8
COSMOS##1989-03-24,8
COSMOSDEB##1989-12-27,8
COSMOS##1990-04-06,8
COSMOS##1991-02-12,8
M-SR/B##1991-08-30,8
COSMOS##1992-06-03,8
DMSPD-F(USA)##1994-08-29,8
ORBCOMMFM##1997-12-23,8
SL-R/B()##1998-05-07,8
ORBCOMMFM##1998-08-02,8
ORBCOMMFM##1998-09-23,8
SL-R/B##2001-02-20,8
CZ-BR/B##2002-05-15,8
SL-R/B##2004-06-10,8
CZ-BR/B##2004-11-06,8
SL-R/B()##2005-06-24,8
CZ-CR/B##2005-08-02,8
CZ-DEB##2006-10-23,8
ERSDEB##1991-07-17,8
CZ-DR/B##2010-06-15,8
PROMETHEUS-##2013-11-20,8
BREEZE-MR/B##2015-12-13,8
SENTINELADEB##2014-04-03,8
CYGFM##2016-12-15,8
CZ-CR/B##2018-04-10,8
CZ-CDEB##2018-07-09,8
KEPLER-(BOBA)##2021-01-24,8
TEVEL##2022-01-13,8
SPACEBEENZ-##2022-05-02,8
JILIN-KUANFUC##2022-05-05,8
YUZGU##1998-11-20,8
CHECKMATE##2023-04-02,8
ORBCOMMFMDEB##1999-12-04,8
SCOUTX-R/B##1963-12-19,7
SL-R/B##1974-05-21,7
SL-R/B##1974-12-18,7
DIAMANTB-PR/B##1975-02-06,7
COSMOSDEB*##1975-10-29,7
SL-R/B##1976-07-27,7
TIROSNDEB##1978-10-13,7
COSMOSDEB##1980-07-31,7
TRANSITDEB##1966-01-28,7
TRANSITDEB##1967-09-25,7
COSMOSDEB##1981-02-19,7
COSMOSDEB##1982-01-29,7
COSMOSDEB##1982-04-29,7
COSMOSDEB##1982-09-04,7
SCOUTG-R/B##1985-08-03,7
SL-R/B##1987-04-24,7
ARIANEDEB(SYLDA)##1988-07-21,7
COSMOSDEB##1988-07-28,7
COSMOSDEB##1990-11-28,7
SL-R/B##1991-12-18,7
ARIANELDEB(SPELDA)##1992-07-09,7
M-SR/B##1993-02-20,7
SCOUTG-R/B##1993-06-25,7
IRIDIUM##1997-06-18,7
IRIDIUM##1997-09-14,7
CZ-CR/B##1997-12-08,7
IRIDIUM##1998-04-07,7
ARIANEDEB##1984-03-05,7
ORBCOMMFM##1999-12-04,7
COSMOSDEB##1980-06-14,7
SL-R/B()##2002-10-17,7
DELTADEB##2002-11-20,7
ARIANEDEB##1988-05-17,7
ERSDEB##1995-04-21,7
SL-R/B()##2004-10-29,7
FOTON-M##2005-05-31,7
SL-PLAT##2006-06-17,7
SL-R/B##2007-06-29,7
SL-PLAT##2008-12-02,7
CZ-DR/B##2011-11-20,7
CZ-CR/B##2012-10-14,7
COSMOSDEB##2007-06-29,7
CZ-CR/B##2014-12-10,7
BREEZE-KMR/B##2015-03-31,7
CZ-CDEB##2018-03-31,7
SZ-##2021-06-17,7
HELIOSADEB##2004-12-18,7
CZ-CDEB##2022-04-29,7
SL-R/B##1965-09-18,6
THORAGENABDEB##1965-11-29,6
SCOUTADEB##1966-05-19,6
DELTADEB##1965-11-06,6
OPS(P/L)##1969-09-30,6
THORDELTADEB##1971-04-01,6
OV-/OV-DEB##1971-08-07,6
DIAMANTB-PR/B##1975-09-27,6
COSMOSDEB*##1976-12-27,6
COSMOSDEB##1980-03-14,6
DELTADEB##1981-08-03,6
RADIO##1981-12-17,6
SL-R/B##1982-06-01,6
COSMOSDEB##1981-09-28,6
COSMOS##1985-01-15,6
SL-R/B()##1985-05-17,6
COSMOS##1985-10-09,6
SL-R/B##1985-10-22,6
COSMOS##1987-03-13,6
SL-R/B##1987-03-18,6
TRANSITDEB##1967-05-18,6
ASTROCDEB##1987-02-05,6
COSMOS##1987-09-07,6
ARIANER/B##1987-09-16,6
COSMOS##1988-01-15,6
SL-R/B()##1988-05-26,6
COSMOSDEB##1988-12-23,6
COSMOS##1989-02-10,6
SL-R/B()##1989-02-14,6
M-SR/B()##1989-02-21,6
COSMOS##1989-09-14,6
OSCAR(UOSAT)##1990-01-22,6
COSMOS##1990-08-08,6
SL-R/B()##1990-11-23,6
COSMOS##1990-12-22,6
SL-R/B(AUXMOTOR)##1991-02-14,6
NOAADEB##1991-05-14,6
COSMOS##1991-05-16,6
COSMOS##1991-09-28,6
COSMOS##1991-11-12,6
COSMOS##1992-07-13,6
ARIANELPDEB(SPELDA)##1992-09-10,6
COSMOS##1992-10-20,6
COSMOS##1993-05-11,6
COSMOS##1993-06-24,6
COSMOS##1994-02-12,6
SL-R/B##1994-03-02,6
COSMOSDEB##1994-06-07,6
COSMOS##1994-12-26,6
SL-R/B()##1995-08-30,6
SL-R/B##1996-02-19,6
PEGASUSDEB##1996-08-21,6
CZ-CR/B##1998-03-25,6
CZ-CR/B##1998-05-02,6
COSMOS##1998-06-15,6
CZ-CR/B##1998-08-19,6
CZ-CR/B##1998-12-19,6
SL-R/B()##1998-12-30,6
SL-R/B()##1999-09-06,6
SL-R/B##2000-02-03,6
SL-R/B()##2000-03-12,6
SL-DEB##2000-08-28,6
SL-R/B()##2001-10-06,6
THORBURNERADEB##1974-03-16,6
SL-R/B()##2006-07-21,6
CZ-DR/B##2006-09-09,6
CZ-BR/B##2007-09-19,6
CZ-BR/B##2008-05-27,6
ORBCOMMFM##2008-06-19,6
CZ-BR/B##2008-12-15,6
CZ-CR/B##2009-12-15,6
YAOGANDEB##2006-04-26,6
H-ADEB##2009-11-28,6
CZ-BR/B##2010-10-06,6
GLOBALSTARM##2010-10-19,6
CZ-CR/B##2010-11-04,6
SPOTDEB##1998-03-24,6
GLOBALSTARM##2011-07-13,6
CZ-FR/B##2011-09-29,6
GLOBALSTARM##2011-12-28,6
TECH-ED-SAT##1998-11-20,6
GLOBALSTARM##2013-02-06,6
CZ-BR/B##2013-10-25,6
ORBCOMMFM##2014-07-14,6
XW-A##2015-09-19,6
CZ-FR/B##2016-09-15,6
CZ-DR/B##2016-11-11,6
SKYSATC##2017-10-31,6
CZ-CDEB##2013-11-20,6
YUNHAI##2018-12-29,6
ONEWEB-##2019-02-27,6
FORMOSAT-/COSMIC-##2019-06-25,6
FALCONDEB##2020-06-13,6
CZ-BDEB##2020-09-27,6
SPACEBEENZ-##2020-11-20,6
SZ-##2021-10-15,6
FOSSASATE##2022-01-13,6
MDASAT-A##2022-01-13,6
PTD-(TYVAK-)##2022-05-25,6
THORABLESTARDEB##1963-12-05,5
COSMOS##1965-09-03,5
COSMOS##1965-09-18,5
DIAMANTDEB##1967-02-08,5
OPS(P/L)##1967-05-31,5
DELTADEB##1968-08-16,5
SL-R/B##1971-04-23,5
METEOR-##1972-03-30,5
DELTADEB*##1973-11-06,5
TRANSITDEB##1966-08-18,5
TRANSITDEB##1967-04-14,5
SL-R/B##1975-12-11,5
COSMOSDEB##1976-11-23,5
OPS(DMSPD-F)##1978-05-01,5
COSMOSDEB##1977-04-11,5
SL-R/B##1979-08-28,5
KYOKKODEB##1978-02-04,5
COSMOSDEB##1979-08-28,5
COSMOSDEB##1982-04-21,5
THORABLESTARDEB*##1961-06-29,5
COSMOSDEB##1982-09-01,5
SL-R/B##1982-11-11,5
METEOR-##1982-12-14,5
SLV-R/B##1983-04-17,5
COSMOSDEB##1983-05-26,5
SL-R/B##1983-07-24,5
SL-R/B()##1983-09-29,5
SL-R/B()##1983-11-30,5
SL-PLAT##1984-03-16,5
ARIANEDEB(SYLDA)##1984-08-04,5
ATLASEDEB##1985-03-13,5
SL-R/B##1985-10-03,5
METEOR-##1985-10-24,5
SL-R/B##1986-07-16,5
SL-R/B##1987-05-13,5
COSMOSDEB##1987-05-13,5
COSMOSDEB*##1976-07-08,5
COSMOSDEB##1985-04-18,5
SL-R/B##1988-05-15,5
SL-R/B##1988-11-23,5
SL-R/B##1989-01-26,5
SL-DEB##1989-06-01,5
SL-R/B()##1989-07-05,5
SL-R/B()##1990-05-19,5
SL-R/B##1990-05-22,5
METEOR-##1990-09-28,5
SCOUTG-R/B##1991-06-29,5
SL-R/B##1992-11-17,5
SL-R/B()##1993-09-30,5
SL-R/B##1994-04-23,5
SL-R/B()##1994-08-23,5
SL-R/B()##1995-03-07,5
SFUDEB##1995-03-18,5
SL-R/B()##1995-07-24,5
TITANBDEB##1981-04-24,5
SL-R/B()##1995-10-11,5
ARIANEP+R/B##1995-11-17,5
SL-R/B()##1995-12-14,5
SL-R/B()##1996-01-25,5
SL-R/B()##1996-04-08,5
BIONDEB##1996-12-24,5
M-R/B##1997-02-12,5
DMSPD-F(USA)##1997-04-04,5
IRIDIUM##1997-05-05,5
IRIDIUM##1997-07-09,5
SL-R/B()##1997-08-14,5
IRIDIUM##1997-08-21,5
IRIDIUM##1997-09-27,5
IRIDIUM##1997-11-09,5
RESURSF-M##1997-11-18,5
IRIDIUM##1997-12-20,5
IRIDIUM##1998-02-18,5
IRIDIUM##1998-03-30,5
SL-R/B()##1998-04-29,5
IRIDIUM##1998-05-17,5
SL-R/B##1998-07-10,5
SL-R/B##1998-07-28,5
IRIDIUM##1998-09-08,5
IRIDIUM##1998-11-06,5
SL-R/B##1999-07-17,5
DMSPD-F(USA)##1999-12-12,5
SL-R/B()##2000-04-17,5
SL-R/B()##2000-07-04,5
SL-R/B##2000-09-25,5
SL-R/B##2001-07-31,5
SL-R/B()##2001-08-24,5
COSMOSDEB##1978-06-28,5
SL-R/B()##2001-12-01,5
IRIDIUM##2002-02-11,5
SL-R/B()##2002-06-10,5
H-AR/B()##2002-09-10,5
SL-R/B()##2003-04-24,5
SL-PLAT##2003-11-24,5
SL-R/B()##2003-12-28,5
SL-R/B()##2004-02-18,5
SL-R/B(AUXMOTOR)##2004-03-27,5
SL-PLAT##2004-04-26,5
CZ-CR/B##2004-11-18,5
SL-R/B()##2004-12-26,5
SL-R/B()##2005-03-29,5
OICETSDEB##2005-08-23,5
CZ-BR/B##2006-04-26,5
SL-R/B##2006-07-12,5
DMSPD-F(USA)##2006-11-04,5
SAUDICOMSAT##2007-04-17,5
UARSDEB##1991-09-12,5
SL-R/B()##2007-12-25,5
RAPIDEYE##2008-08-29,5
CZ-FR/B##2008-09-25,5
SL-R/B()##2009-02-28,5
CZ-CR/B##2009-04-22,5
CZ-CDEB##2007-11-11,5
DMSPD-F(USA)##2009-10-18,5
CZ-CR/B##2009-11-12,5
CZ-CR/B##2010-03-05,5
CZ-CR/B##2010-08-09,5
CZ-CR/B##2011-07-06,5
SL-DEB##2011-07-18,5
CZ-CR/B##2011-07-29,5
CZ-BR/B##2011-08-15,5
SL-R/B##2011-11-08,5
CZ-CR/B##2011-11-29,5
CZ-BR/B##2011-12-22,5
CZ-BR/B##2012-01-09,5
CZ-CR/B##2012-05-29,5
CZ-CR/B##2012-11-18,5
CZ-FR/B##2013-06-11,5
CZ-CR/B##2013-07-15,5
CZ-CR/B##2013-09-23,5
CZ-CR/B##2013-10-29,5
CZ-CR/B##2014-03-31,5
DMSPD-F(USA)##2014-04-03,5
CZ-CR/B##2014-08-09,5
CZ-CR/B##2014-09-28,5
CZ-CR/B##2014-10-27,5
TECHEDSAT##1998-11-20,5
CZ-FR/B##2016-10-16,5
CZ-DR/B##2018-01-09,5
ZHUHAI-OHS-##2018-04-26,5
IRIDIUM##2018-05-22,5
CZ-CDEB##2019-04-29,5
ACAPROBE(VENTURINI)##2019-04-17,5
ZHUHAI-A##2019-09-19,5
CZ-DR/B##2019-09-25,5
NINGXIA-##2019-11-13,5
FALCONDEB##2020-08-07,5
FALCONDEB##2020-08-18,5
CZ-FR/B##2020-09-04,5
ASTROCAST-##2021-01-24,5
ARCE-C##2021-01-24,5
FALCONDEB##2021-05-15,5
ASTROCAST-##2021-06-30,5
NINGXIA-##2021-07-09,5
FALCONDEB##2021-12-02,5
NUSAT-(ANNIEMAUNDER)##2022-04-01,5
JILIN-GAOFENA##2022-04-30,5
ICEYE-X##2022-05-25,5
FOSSASATE##2022-05-25,5
FALCONDEB##2022-09-05,5
FALCONDEB##2022-09-11,5
KSF-C##2023-01-03,5
HAWK-B##2023-01-24,5
FALCONDEB##2023-01-31,5
SSDEB##2023-02-10,5
CZ-CR/B##2023-03-13,5
SLSDEB##2022-11-16,5
GHGSAT-C##2023-04-15,5
IRIDIUM##2023-05-20,5
CZ-FDEB##2023-05-30,5
SCOUTX-R/B##1961-02-16,4
MIDASDEB##1961-07-12,4
ATLASAGENABDEB##1963-07-19,4
TRANSITB-##1963-12-05,4
SCOUTX-DEB##1964-06-04,4
THORABLESTARDEB##1964-12-13,4
THORALTAIRDEB##1965-05-20,4
THORABLESTARDEB##1965-06-24,4
SCOUTADEB##1966-01-28,4
OV-##1966-12-11,4
OPS(IDSCS)##1967-07-01,4
OV-##1968-04-06,4
SCOUTBDEB##1969-11-08,4
OPS(DMSPAF)##1971-02-17,4
DELTADEB*##1967-01-11,4
THORADAGENADDEB*##1970-04-08,4
OPS(P/L)##1971-12-14,4
SL-R/B##1971-12-17,4
SL-R/B##1972-06-23,4
COSMOSDEB##1973-04-19,4
SCOUTA-R/B##1973-10-30,4
SL-R/B##1974-09-11,4
OPSDEB##1973-11-10,4
SL-R/B##1975-09-30,4
SL-R/B##1975-11-28,4
SL-R/B##1976-01-06,4
SL-R/B##1976-09-29,4
SL-R/B()##1976-12-28,4
SL-R/B##1977-01-06,4
SL-R/B##1977-12-16,4
COSMOSDEB*##1977-12-21,4
SL-R/B##1978-02-17,4
NOAADEB##1979-06-27,4
EKRANDEB##1977-09-20,4
SL-R/B()##1980-06-14,4
SL-R/B()##1980-11-27,4
TRANSITDEB##1964-06-04,4
COSMOSDEB##1981-03-17,4
COSMOSDEB##1981-05-21,4
COSMOSDEB##1977-07-20,4
COSMOSDEB##1981-11-13,4
SL-R/B##1982-12-14,4
IRASDEB##1983-01-26,4
COSMOSDEB##1983-03-02,4
SL-R/B##1983-04-28,4
SL-R/B()##1983-08-30,4
METEOR-##1983-10-28,4
COSMOSDEB##1983-10-21,4
COSMOSDEB##1983-12-07,4
COSMOSDEB##1984-03-07,4
CZ-R/B##1984-04-08,4
COSMOSDEB##1984-06-19,4
COSMOSDEB##1984-08-06,4
COSMOSDEB##1984-11-14,4
COSMOSDEB##1984-11-29,4
SL-PLAT##1985-02-21,4
SL-R/B##1985-08-08,4
ARIANEDEB(SYLDA)##1986-03-28,4
COSMOSDEB##1986-04-15,4
COSMOSDEB##1986-07-24,4
COSMOSDEB##1986-09-17,4
SCOUTG-R/B##1986-11-14,4
COSMOSDEB##1987-03-11,4
COSMOS(GLONASS)##1987-04-24,4
COSMOSDEB##1987-05-28,4
COSMOSDEB##1987-08-19,4
SL-R/B()##1987-12-10,4
SL-R/B##1988-03-11,4
COSMOSDEB(PELPS)##1988-03-14,4
COSMOSDEB##1988-05-19,4
SL-R/B##1988-06-21,4
COSMOSDEB##1988-06-23,4
NOAADEB##1988-09-24,4
COSMOSDEB##1988-09-22,4
ATLASEDEB##1990-04-11,4
COSMOSDEB##1990-04-25,4
SL-R/B()##1990-12-08,4
SL-R/B()##1992-11-25,4
SL-PLAT##1993-04-06,4
SL-R/B()##1994-02-18,4
SL-R/B()##1994-04-11,4
FOTONDEB##1994-06-14,4
SL-R/B()##1994-07-06,4
SL-R/B()##1994-09-21,4
SL-R/B()##1994-11-20,4
SL-R/B()##1994-12-16,4
SL-R/B()##1996-05-25,4
SL-R/B()##1997-06-06,4
CZ-CDEB(DISPENSER)##1997-09-01,4
SL-R/B##1997-12-24,4
GLOBALSTARM##1998-02-14,4
GLOBALSTARM##1998-04-24,4
SL-R/B()##1998-07-01,4
SSN-R/B##1998-07-07,4
SL-R/B()##1998-08-30,4
SL-R/B##1998-11-20,4
GLOBALSTARM##1999-02-09,4
SL-R/B()##1999-02-28,4
GLOBALSTARM##1999-03-15,4
GLOBALSTARM##1999-04-15,4
CZ-BR/B##1999-05-10,4
SL-R/B()##1999-05-20,4
GLOBALSTARM##1999-06-10,4
GLOBALSTARM##1999-07-10,4
GLOBALSTARM##1999-07-25,4
GLOBALSTARM##1999-08-17,4
GLOBALSTARM##1999-09-22,4
FOTONDEB##1999-09-09,4
GLOBALSTARM##1999-10-18,4
GLOBALSTARM##1999-11-22,4
GLOBALSTARM##2000-02-08,4
PICOSAT##2000-01-27,4
SL-R/B()##2000-06-24,4
SL-R/B()##2001-07-20,4
H-AR/B##2002-02-04,4
TITANBDEB##2000-08-17,4
H-AR/B##2003-03-28,4
SL-PLAT##2003-04-02,4
SARADEB##1991-07-17,4
COSMOSDEB##2001-12-21,4
CZ-BDEB##2002-10-27,4
SL-R/B()##2005-12-25,4
KOMPASS-##2006-05-26,4
DELTADEB##1989-11-18,4
H-ADEB##2007-02-24,4
GLOBALSTARM##2007-05-29,4
FOTON-M##2007-09-14,4
GLOBALSTARM##2007-10-20,4
SL-PLAT##2007-10-23,4
ARIANEDEB(SYLDA)##2008-06-12,4
SL-R/B()##2008-06-27,4
SL-R/B()##2010-09-30,4
PERSEUS##2010-12-08,4
SL-DEB##2011-01-20,4
BREEZE-MR/B##2011-05-20,4
BPA-/SL-R/B##2011-08-17,4
CZ-BR/B##2011-11-09,4
CZ-FR/B##2012-06-16,4
DRAGONCRS-##2012-10-08,4
CZ-CR/B##2012-11-25,4
CZ-CDEB##2013-07-19,4
POPACSDEB(SPACER)##2013-09-29,4
COSMOS##2013-12-25,4
DELTADEB##2014-05-17,4
COSMOS##2014-05-23,4
YAOGANDEB##2009-04-22,4
OBFM##2014-07-10,4
CZ-CR/B##2014-11-14,4
IRIDIUMDEB##2002-02-11,4
OBFM##2014-12-18,4
MMS##2015-03-13,4
CZ-CR/B##2015-08-27,4
CZ-CR/B##2015-11-26,4
FREGATDEB(TANK)##2015-12-11,4
SL-DEB##2015-12-11,4
CZ-DEB##2016-06-25,4
SKYSATC##2016-09-16,4
GALILEO()##2016-11-17,4
PSLVR/B##2017-06-23,4
MINOTAURDEB##2017-08-26,4
YAOGAN-A##2017-09-29,4
FLOCKM##2017-10-31,4
YAOGAN-D##2017-11-24,4
CZ-DDEB##2017-12-03,4
GALILEO(C)##2017-12-12,4
FREGATDEB(TANK)##2017-12-26,4
SL-DEB##2017-12-26,4
CZ-DDEB##2017-12-23,4
FLOCKPP##2018-01-12,4
SPACEBEE-##2018-01-12,4
CZ-DDEB##2018-01-13,4
S-NETD##2018-02-01,4
CZ-DDEB##2018-02-02,4
OBFM##2018-03-09,4
CZ-DDEB##2018-03-17,4
GSLVR/B##2018-03-29,4
CZ-DR/B##2018-06-02,4
GALILEO(C)##2018-07-25,4
OBFM##2019-04-04,4
FALCONDEB##2019-05-24,4
COSMOS##2019-07-10,4
CZ-DDEB##2017-10-09,4
FALCONDEB##2019-11-11,4
BLOCKDM-SLR/B##2019-12-24,4
FALCONDEB##2020-01-07,4
CZ-DDEB##2020-01-15,4
FALCONDEB##2020-01-29,4
FALCONDEB##2020-03-18,4
FALCONDEB##2020-04-22,4
FALCONDEB##2020-06-04,4
CZ-DDEB##2020-06-17,4
FALCONDEB##2020-09-03,4
LEMUR--SLICERS##2020-09-28,4
NETSAT-##2020-09-28,4
FALCONDEB##2020-10-06,4
FALCONDEB##2020-10-18,4
FALCONDEB##2020-10-24,4
KSM-C##2020-11-07,4
FALCONDEB##2020-11-25,4
FALCONDEB##2021-01-20,4
FALCONDEB##2021-02-04,4
FALCONDEB##2021-02-16,4
FALCONDEB##2021-03-04,4
FALCONDEB##2021-03-11,4
FALCONDEB##2021-03-14,4
GRUS-C##2021-03-22,4
BEESAT-##2021-03-22,4
FALCONDEB##2021-03-24,4
FALCONDEB##2021-04-07,4
FALCONDEB##2021-04-29,4
FALCONDEB##2021-05-04,4
FALCONDEB##2021-05-09,4
CZ-BDEB##2021-05-19,4
FALCONDEB##2021-05-26,4
CZ-R/B##2021-05-29,4
SPACEBEENZ-##2021-06-30,4
NUSAT-(ROSALIND)##2021-06-30,4
ICEYE-X##2021-06-30,4
KSF-B##2021-06-30,4
FALCONDEB##2021-09-14,4
FALCONDEB##2021-11-13,4
FALCONDEB##2021-12-18,4
IPM/PERSEY##2021-12-27,4
FALCONDEB##2022-01-06,4
USA##2022-01-13,4
FALCONDEB##2022-01-19,4
FALCONDEB##2022-02-03,4
FALCONDEB##2022-02-21,4
FALCONDEB##2022-02-25,4
FALCONDEB##2022-03-03,4
FALCONDEB##2022-03-09,4
SPACEBEENZ-##2022-03-15,4
FALCONDEB##2022-03-19,4
HAWK-B##2022-04-01,4
FALCONDEB##2022-04-21,4
FALCONDEB##2022-04-29,4
FALCONDEB##2022-05-06,4
FALCONDEB##2022-05-13,4
FALCONDEB##2022-05-14,4
FALCONDEB##2022-05-18,4
GHGSAT-C##2022-05-25,4
NUSAT-(ALICELEE)##2022-05-25,4
FALCONDEB##2022-06-17,4
FALCONDEB##2022-07-07,4
FALCONDEB##2022-07-11,4
FALCONDEB##2022-07-17,4
FALCONDEB##2022-07-22,4
FALCONDEB##2022-07-24,4
FALCONDEB##2022-08-10,4
FALCONDEB##2022-08-12,4
FALCONDEB##2022-08-19,4
FALCONDEB##2022-08-28,4
FALCONDEB##2022-08-31,4
FALCONDEB##2022-09-19,4
FALCONDEB##2022-09-24,4
FALCONDEB##2022-10-05,4
FALCONDEB##2022-10-20,4
FALCONDEB##2022-10-28,4
ASTROCAST-##2022-11-26,4
FALCONDEB##2022-12-17,4
FALCONDEB##2022-12-28,4
SKYKRAFT-##2023-01-03,4
NUSAT-(AMELIAEARHART##2023-01-03,4
FALCONDEB##2023-01-19,4
FALCONDEB##2023-01-26,4
FALCONDEB##2023-02-02,4
FALCONDEB##2023-02-12,4
FALCONDEB##2023-02-17,4
FALCONDEB##2023-03-03,4
FALCONDEB##2023-03-17,4
FALCONDEB##2023-03-24,4
FALCONDEB##2023-03-29,4
NUSAT-(ANNIECANNON)##2023-04-15,4
FALCONDEB##2023-04-27,4
FALCON-DEB##2023-05-04,4
FALCONDEB##2023-05-10,4
FALCON-DEB##2023-05-14,4
CZ-CR/B##2023-05-21,4
ECHODEB(METALOBJ)##1960-08-12,3
DELTADEB(YO)##1962-02-08,3
MIDASDEB##1962-04-09,3
DELTADEB(YO)##1962-06-19,3
SCOUTX-MDEB##1962-08-23,3
THORABLESTARDEB##1963-09-28,3
ELEKTRONDEB##1964-07-10,3
SCOUTX-R/B##1964-08-25,3
SCOUTX-R/B##1964-10-10,3
DELTADEB##1965-01-22,3
SCOUTX-R/B##1965-04-29,3
COSMOS##1965-07-16,3
OPS(TRANSITB-)##1965-08-13,3
SCOUTX-R/B##1965-11-19,3
SCOUTX-R/B##1965-12-06,3
DELTADEB##1966-02-03,3
THORALTAIRDEB##1966-03-31,3
DELTADEB##1966-02-28,3
ATLASDDEB##1966-07-14,3
SCOUTBDEB##1966-06-10,3
DELTADEB##1967-01-26,3
ERS##1967-04-28,3
SCOUTADEB##1967-04-14,3
SL-R/B##1967-05-15,3
DELTADEB##1967-11-10,3
OV-##1968-09-26,3
OV-##1969-03-18,3
ERS(OV-)##1969-05-23,3
TRANSITBN-EDEB*##1963-12-05,3
SL-R/B##1970-10-16,3
COSMOSDEB*##1970-10-30,3
SL-R/B##1971-12-27,3
SL-R/B##1972-08-16,3
SCOUTB-R/B##1972-09-02,3
SL-R/B##1972-12-25,3
SL-R/B##1973-12-04,3
SCOUTD-DEB##1974-03-09,3
SL-R/B(AUXMOTOR)##1974-07-29,3
THORADDELTADEB##1974-12-19,3
SL-R/B##1975-02-05,3
SL-R/B##1975-07-11,3
SL-R/B(AUXMOTOR)##1975-10-08,3
SL-R/B(AUXMOTOR)##1975-12-22,3
LES##1976-03-15,3
SOLRADA##1976-03-15,3
SL-R/B##1976-04-06,3
SSU##1976-04-30,3
SCOUTB-R/B##1976-05-22,3
SL-R/B##1976-07-08,3
SL-R/B##1976-07-15,3
SCOUTD-R/B##1976-09-01,3
SL-R/B(AUXMOTOR)##1976-10-26,3
SL-R/B##1977-04-05,3
SL-R/B##1977-06-24,3
SL-R/B##1977-07-01,3
SL-R/B(AUXMOTOR)##1977-07-23,3
SL-R/B##1977-09-20,3
SL-R/B##1977-09-24,3
COSMOSDEB##1977-10-11,3
SL-R/B##1977-10-28,3
SL-R/B##1977-12-13,3
SS##1977-12-08,3
SL-R/B()##1978-01-24,3
CZ-CR/B##1978-01-26,3
ATLASCENTAURDEB##1978-02-09,3
DELTADEB##1975-04-09,3
SL-R/B##1978-03-31,3
SL-R/B##1978-06-21,3
SL-R/B##1978-11-16,3
SL-R/B##1979-06-28,3
SL-R/B##1979-10-11,3
SL-R/B##1980-03-17,3
SL-R/B##1980-07-01,3
SL-R/B()##1980-07-18,3
SL-PLAT##1980-11-16,3
COSMOSDEB##1980-12-01,3
SL-DEB##1980-12-25,3
SL-DEB##1980-12-26,3
M-SR/B##1981-02-21,3
COSMOSDEB##1981-02-13,3
SL-R/B()##1981-03-31,3
SL-R/B(AUXMOTOR)##1981-03-18,3
SL-R/B##1981-05-07,3
SL-R/B##1981-05-14,3
COSMOSDEB##1981-06-16,3
SL-R/B(AUXMOTOR)##1981-06-26,3
SL-R/B(AUXMOTOR)##1981-07-30,3
SL-R/B##1981-08-28,3
SL-R/B()##1981-12-23,3
SL-R/B##1982-01-07,3
COSMOSDEB##1982-02-16,3
SL-R/B()##1982-03-24,3
COSMOSDEB##1982-03-17,3
SL-R/B##1982-04-28,3
COSMOSDEB##1981-09-14,3
SL-R/B()##1982-08-27,3
N-R/B##1982-09-03,3
SL-R/B()##1982-09-22,3
COSMOS(GLONASS)##1982-10-12,3
SL-R/B(AUXMOTOR)##1982-10-12,3
COSMOSDEB##1982-12-23,3
SL-R/B(AUXMOTOR)##1983-03-23,3
GB##1983-06-09,3
ARIANEDEB##1983-06-16,3
SCOUTG-R/B##1983-06-27,3
SL-R/B##1983-07-13,3
SL-R/B##1983-08-03,3
COSMOSDEB##1983-07-26,3
COSMOS(GLONASS)##1983-08-10,3
SL-R/B()##1983-08-10,3
COSMOSDEB##1983-04-25,3
COSMOSDEB##1983-08-23,3
COSMOSDEB##1983-09-09,3
ATLASCENTAURDEB*##1963-11-27,3
COSMOS(GLONASS)##1983-12-29,3
COSMOSDEB##1984-01-11,3
M-SR/B##1984-02-14,3
JD##1984-02-05,3
SL-R/B##1984-02-21,3
SOYUZ-T##1984-04-03,3
SL-R/B()##1984-04-22,3
COSMOS(GLONASS)##1984-05-19,3
SL-R/B()##1984-05-19,3
SL-R/B##1984-06-08,3
COSMOSDEB##1984-06-11,3
SL-DEB##1984-06-29,3
COSMOSDEB##1984-06-29,3
COSMOSDEB##1984-07-24,3
SL-R/B()##1984-08-10,3
CCE(AMPTE)##1984-08-16,3
DELTADEB##1984-08-16,3
SL-R/B()##1984-08-24,3
COSMOS(GLONASS)##1984-09-04,3
SL-R/B()##1984-09-04,3
SCOUTG-R/B##1984-10-12,3
SL-DEB##1984-12-14,3
SL-R/B##1985-01-17,3
SL-R/B()##1985-01-18,3
SL-R/B##1985-01-24,3
COSMOSDEB##1985-01-16,3
METEOR-##1985-02-06,3
COSMOS(GLONASS)##1985-05-17,3
COSMOSDEB##1985-05-15,3
MORELOSR/B(PAM-D)##1985-06-17,3
SL-R/B##1985-06-21,3
COSMOSDEB##1985-07-15,3
SL-R/B()##1985-08-12,3
COSMOSDEB##1985-08-01,3
MORELOSR/B(PAM-D)##1985-11-27,3
COSMOS(GLONASS)##1985-12-24,3
SL-DEB##1985-12-28,3
SL-R/B##1986-01-17,3
BS-B(YURIB)##1986-02-12,3
USADEB##1986-02-09,3
USA##1986-02-09,3
SL-R/B(AUXMOTOR)##1986-04-04,3
SL-R/B##1986-04-17,3
COSMOSDEB##1986-05-14,3
SL-R/B()##1986-06-10,3
SL-R/B##1986-06-19,3
USADEB##1986-09-05,3
COSMOS(GLONASS)##1986-09-16,3
SL-R/B()##1986-09-16,3
SL-R/B##1986-12-02,3
COSMOSDEB##1986-12-04,3
SL-R/B()##1986-12-26,3
USA##1987-05-15,3
SL-R/B##1987-06-09,3
SL-R/B##1987-06-23,3
COSMOS(GLONASS)##1987-09-16,3
ARIANEDEB##1987-09-16,3
DELTADEB*##1976-07-29,3
SL-R/B##1987-12-01,3
ELEKTRONDEB*##1964-01-30,3
TRANSITDEB##1968-03-02,3
SL-R/B()##1987-12-27,3
COSMOSDEB##1987-12-25,3
COSMOSDEB##1987-12-29,3
COSMOSDEB##1988-02-19,3
SL-R/B##1988-03-17,3
SL-PLAT##1988-03-31,3
SL-R/B##1988-04-20,3
SL-R/B(AUXMOTOR)##1988-05-06,3
COSMOS(GLONASS)##1988-05-21,3
SL-R/B()##1988-05-21,3
SL-R/B()##1988-08-01,3
SL-R/B()##1988-08-18,3
COSMOS(GLONASS)##1988-09-16,3
SL-R/B()##1988-09-29,3
SL-R/B()##1988-10-25,3
COSMOSDEB##1988-10-13,3
SL-R/B()##1988-12-10,3
SL-R/B()##1988-12-28,3
COSMOS(GLONASS)##1989-01-10,3
SL-R/B##1989-04-04,3
SL-DEB##1989-04-06,3
COSMOS(GLONASS)##1989-05-31,3
SL-R/B()##1989-06-21,3
SL-R/B()##1989-11-23,3
SL-R/B(AUXMOTOR)##1989-12-01,3
SL-R/B()##1989-12-15,3
SL-R/B##1990-01-18,3
SL-R/B##1990-02-27,3
COSMOS(GLONASS)##1990-05-19,3
SL-R/B()##1990-06-20,3
COSMOSDEB##1990-06-19,3
SL-R/B()##1990-07-25,3
SL-R/B()##1990-08-28,3
SL-R/B()##1990-11-03,3
SL-R/B()##1990-11-20,3
COSMOS(GLONASS)##1990-12-08,3
SL-R/B##1990-12-10,3
SL-R/B##1991-02-05,3
TITANR/B##1991-03-08,3
COSMOS(GLONASS)##1991-04-04,3
SL-R/B##1991-06-11,3
SL-R/B()##1991-07-01,3
MICROSAT##1991-07-17,3
SL-R/B()##1991-10-23,3
SL-R/B()##1991-12-19,3
COSMOS(GLONASS)##1992-01-29,3
SL-R/B()##1992-01-29,3
H-R/B##1992-02-11,3
SCOUTG-R/B##1992-07-03,3
COSMOS(GLONASS)##1992-07-30,3
SL-R/B##1992-08-12,3
SL-R/B()##1992-11-27,3
SL-R/B()##1992-12-17,3
SL-R/B()##1993-01-13,3
COSMOS(GLONASS)##1993-02-17,3
SL-R/B()##1993-02-17,3
SL-R/B##1993-06-16,3
SL-R/B()##1993-08-04,3
METEOR-##1993-08-31,3
SL-R/B##1993-10-26,3
SL-R/B()##1993-10-28,3
SL-R/B()##1993-11-18,3
SL-R/B()##1994-01-20,3
SL-R/B()##1994-02-05,3
COSMOS(GLONASS)##1994-04-11,3
SL-R/B()##1994-05-20,3
SL-R/B()##1994-08-05,3
COSMOS(GLONASS)##1994-08-11,3
SL-R/B()##1994-08-11,3
ARIANEDEB##1989-04-02,3
SL-R/B()##1994-10-13,3
SL-R/B()##1994-10-31,3
ARIANEP+R/B##1994-11-01,3
COSMOS(GLONASS)##1994-11-20,3
SL-R/B##1994-11-29,3
SL-R/B()##1994-12-28,3
NOAADEB##1994-12-30,3
FOTONDEB##1995-02-16,3
COSMOS(GLONASS)##1995-03-07,3
SL-R/B()##1995-05-24,3
COSMOS(GLONASS)##1995-07-24,3
SL-R/B()##1995-08-02,3
SL-R/B()##1995-08-09,3
RESURSF-##1995-09-26,3
COSMOS(GLONASS)##1995-12-14,3
GONETSD##1996-02-19,3
COSMOS##1996-02-19,3
TITANBAGENADDEB##1983-07-31,3
DELTAR/B##1996-04-24,3
SL-R/B()##1996-08-29,3
SL-R/B()##1996-09-06,3
SL-R/B()##1996-09-26,3
SL-R/B()##1996-10-24,3
COSMOS##1997-02-14,3
GONETSD##1997-02-14,3
TITANBR/B##1997-02-23,3
SL-R/B##1997-03-04,3
SL-R/B()##1997-04-09,3
SL-R/B()##1997-05-14,3
SL-R/B()##1997-05-24,3
IRIDIUMDEB##1997-07-09,3
SL-R/B()##1997-08-28,3
IRIDIUMDEB##1997-08-21,3
SL-R/B()##1997-09-24,3
ARIANEPR/B##1997-12-02,3
DELTADEB##1998-01-10,3
NOZOMI(PLANET-B)##1998-07-03,3
SL-R/B()##1998-09-28,3
SL-R/B()##1998-11-04,3
COSMOS(GLONASS)##1998-12-30,3
SL-R/B()##1999-02-15,3
SL-R/B()##1999-03-21,3
TITANR/B##1999-04-09,3
CZ-CR/B##1999-06-11,3
SL-R/B()##1999-07-08,3
RESURSDEB##1999-09-28,3
CZ-R/B##1999-11-19,3
COSMOSDEB##1997-12-09,3
SL-R/B()##1999-12-27,3
TITANR/B##2000-05-08,3
ATLASACENTAURR/B##2000-06-30,3
SL-R/B()##2000-09-05,3
COSMOS(GLONASS)##2000-10-13,3
SL-R/B()##2000-10-13,3
BLOCKDM-SLR/B##2000-10-21,3
SL-R/B()##2001-05-15,3
SL-R/B()##2001-06-16,3
TITANBR/B##2001-08-06,3
SL-R/B()##2001-10-25,3
COSMOS(GLONASS)##2001-12-01,3
COSMOS##2001-12-28,3
GONETSD##2001-12-28,3
SL-R/B()##2002-04-01,3
SL-R/B()##2002-05-07,3
RUBIN/SL-##2002-11-28,3
SL-R/B()##2002-12-24,3
COSMOS(GLONASS)##2002-12-25,3
SL-R/B()##2002-12-25,3
TITANCTRANSTAGEDEB*##1965-12-21,3
SL-R/B()##2003-06-19,3
SL-R/B##2003-08-29,3
COSMOSDEB##1982-06-25,3
COSMOS(GLONASS)##2003-12-10,3
CZ-CR/B##2004-08-29,3
CZ-CR/B##2004-07-25,3
COSMOS(GLONASS)##2004-12-26,3
DELTADEB##2000-03-25,3
PSLVDEB##2005-05-05,3
SJ-##2005-07-05,3
SL-R/B##2005-08-23,3
CZ-DDEB##2005-08-29,3
SL-R/B##2005-09-08,3
CZ-FR/B##2005-10-12,3
SL-R/B##2005-12-21,3
COSMOS(GLONASS)##2005-12-25,3
ST-A##2006-03-22,3
AYAMEDEB##1980-02-22,3
COSMOSCOOLANT##1976-10-17,3
COSMOSDEB##2003-08-19,3
SL-R/B##2006-10-23,3
ANDEDEB(CYLINDER)##2006-12-10,3
COSMOS(GLONASS)##2006-12-25,3
CZ-AR/B##2007-04-13,3
COSMOS(GLONASS)##2007-10-26,3
COSMOS(GLONASS)##2007-12-25,3
AYAMEDEB##1979-02-06,3
COSMOS##2008-05-23,3
SL-DEB##2008-08-29,3
COSMOS(GLONASS)##2008-09-25,3
COSMOS(GLONASS)##2008-12-25,3
SL-R/B##2009-02-26,3
BLOCKDM-SLDEB##2009-04-20,3
COSMOS##2009-07-06,3
YAOGANDEB##2008-12-01,3
SL-DEB##2009-07-29,3
ANDEDEB(POLLUXCYLIN)##2009-07-15,3
COSMOS(GLONASS)##2009-12-14,3
COSMOS(GLONASS)##2010-03-01,3
COSMOS(GLONASS)##2010-09-02,3
COSMOS(GLONASS)##2011-11-04,3
PHOBOS-GRUNT##2011-11-08,3
BREEZE-MR/B##2011-11-25,3
SL-R/B()##2012-03-30,3
TIANHUI-##2012-05-06,3
CZ-BR/B##2012-05-10,3
SL-R/B##2012-05-17,3
DRAGONC/C##2012-05-22,3
CZ-DR/B##2012-12-18,3
COSMOS##2013-01-15,3
DRAGONCRS-##2013-03-01,3
BREEZE-MR/B##2013-04-15,3
OBFM##2013-06-25,3
CZ-CR/B##2013-09-01,3
GONETSM##2013-09-11,3
POPACS##2013-09-29,3
BPA/SL-##2013-11-21,3
BREEZE-MR/B##2014-02-14,3
DRAGONCRS-##2014-04-18,3
SL-R/B##2014-06-19,3
GONETSM(M)##2014-07-03,3
HAIYANGADEB##2011-08-15,3
USA##2014-07-28,3
DRAGONCRS-##2014-09-21,3
DRAGONCRS-##2015-01-10,3
GONETSM(M)##2015-03-31,3
DRAGONCRS-##2015-04-14,3
YAOGANDEB##2014-12-27,3
DMC-FM##2015-07-10,3
COSMOS##2015-09-23,3
TIANWANGC(TW-C)##2015-09-25,3
TIANHUI-##2015-10-26,3
CZ-BR/B##2015-11-08,3
H-AR/B##2016-02-17,3
SJ-##2016-04-05,3
CZ-DR/B##2016-04-05,3
DRAGONCRS-##2016-04-08,3
GALILEO(B)##2016-05-24,3
YZ-AR/B##2016-06-25,3
SJ-##2016-06-29,3
DRAGONCRS-##2016-07-18,3
CZ-DEB##2016-11-09,3
DRAGONCRS-##2017-02-19,3
GAOFENDEB##2016-08-09,3
CZ-DEB##2017-04-20,3
DRAGONCRS-##2017-06-03,3
CZ-BR/B##2017-06-15,3
COSMOS##2017-06-23,3
DRAGONCRS-##2017-08-14,3
CZ-CR/B##2017-11-14,3
JILIN--##2017-11-21,3
DRAGONCRS-##2017-12-15,3
H-AR/B##2017-12-23,3
YAOGAN-G##2017-12-25,3
YAOGAN-K##2018-01-25,3
GAOFEN-##2018-03-31,3
DRAGONCRS-##2018-04-02,3
YAOGAN-A##2018-04-10,3
USA##2018-04-14,3
BREEZE-MR/B##2018-04-18,3
COSMOSDEB##1987-12-12,3
DRAGONCRS-##2018-06-29,3
TEMPEST-D##1998-11-20,3
CZ-DDEB##2018-11-19,3
COSMOS##2018-11-30,3
SL-R/B##2018-12-03,3
HAWK-A##2018-12-03,3
FLOCKS##2018-12-03,3
SPACEBEE-##2018-12-03,3
DRAGONCRS-##2018-12-05,3
BREEZE-MR/B##2018-12-21,3
DRAGONCRS-##2019-05-04,3
RCM##2019-06-12,3
REDEYE(PINOT)##1998-11-20,3
ICEYE-X##2019-07-05,3
DRAGONCRS-##2019-07-25,3
YAOGAN-N##2019-07-26,3
CZ-BR/B##2019-08-19,3
ELECTRONR/B##2019-10-17,3
DRAGONCRS-##2019-12-05,3
ELECTRONKICKSTAGER/B##2019-12-06,3
GONETSM(M)##2019-12-26,3
DRAGONCRS-##2020-03-07,3
YAOGAN-R##2020-03-24,3
SKYSATC##2020-06-13,3
CZ-DDEB##2020-05-31,3
SKYSATC##2020-08-18,3
CAT-/A(TYVAK-)##2020-09-03,3
CZ-BR/B##2020-09-21,3
GONETSM##2020-09-28,3
YAOGAN-U##2020-10-26,3
GONETSM##2020-12-03,3
YAOGAN-D##2021-01-29,3
CZ-CDEB##2021-01-29,3
YAOGAN-G##2021-02-24,3
YAOGAN-K##2021-03-13,3
MAYA-##1998-11-20,3
LACUNASAT-B##2021-03-22,3
YAOGAN-X##2021-05-06,3
YAOGAN-AA##2021-06-18,3
STARLINK-##2021-06-30,3
YAOGAN-AD##2021-07-19,3
YAOGAN-A##2021-11-06,3
CZ-BDEB##2021-12-10,3
BREEZE-MR/B##2021-12-13,3
KEPLER-##2022-01-13,3
STORK-##2022-01-13,3
STRIX-BETA##2022-02-28,3
KSF-C##2022-04-01,3
YAOGAN-A##2022-06-23,3
YAOGAN-A##2022-07-29,3
YAOGAN-A##2022-08-19,3
KZ-AR/B##2022-09-06,3
YAOGAN-A##2022-09-26,3
CZ-HR/B##2022-10-07,3
YAOGAN-A##2022-10-14,3
GONETS-M##2022-10-22,3
YAOGAN-A##2022-11-27,3
YAOGAN-A##2022-12-14,3
CZ-CDEB##2023-02-24,3